protein_id,sequence
7RPZ_G12D_Frag-A,VGADGVGKSA
7RPZ_G12D_Frag-B,DILDTAGQEEYSAMR
7RPZ_G12D_Frag-C,DIHHYREQIKRV
7RPZ_G12D_Frag-F,DQYMRTGEGF
7RT1_G12D_Frag-A,VGADGVGKSA
7RT1_G12D_Frag-B,DILDTAGQEEYSAMR
7RT1_G12D_Frag-C,DIHHYREQIKRV
7RT1_G12D_Frag-F,DQYMRTGEGF
7RT4_G12D_Frag-A,VGADGVGKSA
7RT4_G12D_Frag-B,DILDTAGQEEYSAMR
7RT4_G12D_Frag-C,DIHHYREQIKRV
7RT4_G12D_Frag-F,DQYMRTGEGF
8AZV_WT_Frag-A,VGAGGVGKSA
8AZV_WT_Frag-B,DILDTAGQEEYSAMR
8AZV_WT_Frag-C,DIHHYREQIKRV
8AZV_WT_Frag-F,DQYMRTGEGF
8AZX_G12C_Frag-A,VGACGVGKSA
8AZX_G12C_Frag-B,DILDTAGQEEYSAMR
8AZX_G12C_Frag-C,DIHHYREQIKRV
8AZX_G12C_Frag-F,DQYMRTGEGF
8AZY_G12D_Frag-A,VGADGVGKSA
8AZY_G12D_Frag-B,DILDTAGQEEYSAMR
8AZY_G12D_Frag-C,DIHHYREQIKRV
8AZY_G12D_Frag-F,DQYMRTGEGF
8AZZ_G12V_Frag-A,VGAVGVGKSA
8AZZ_G12V_Frag-B,DILDTAGQEEYSAMR
8AZZ_G12V_Frag-C,DIHHYREQIKRV
8AZZ_G12V_Frag-F,DQYMRTGEGF
6GJ6_G12D_Frag-D,EYKLVVV
6GJ6_G12D_Frag-E,IEDSYRK
6GJ6_G12D_Frag-F,DQYMRTGEGF
6GJ6_G12D_Frag-B,DILDTAGQEEYSAMR
6GJ8_G12D_Frag-D,EYKLVVV
6GJ8_G12D_Frag-E,IEDSYRK
6GJ8_G12D_Frag-F,DQYMRTGEGF
6GJ8_G12D_Frag-B,DILDTAGQEEYSAMR
